,id,name,age,village
0,vx7gcsn79n,Kashvi Chandra,19,Vardo
1,lhvzvmn67y,Marc Chandra,36,Colmar
2,wpfsba8ydm,Gazala Chunduri,35,Eden
3,z5bzddh65a,Karina Clausen,23,Mahuti
4,plbshz5w36,Etienne Collins,38,Reading
5,56d86w59g8,Kana Collins,52,Helluland
6,4pw54nsamc,Jordan Connolly,46,Reading
7,v5pmb34zfr,Lawrence Edwards,52,Vardo
8,rxt8d33zc2,Juhani Eklund,7,Shinobi
9,sahfgjymbv,Lena Eklund,53,Vardo
10,fvmfea6yf2,Lidia Franke,48,Reading
11,ds56b9yyd9,Ludovic Gillet,28,Colmar
12,2g7u9h5t4b,Justin Gupta,22,Colmar
13,4cdmnkkcgp,Olivier Gupta,27,Arcadia
14,5f8s7eulvy,Laurie Hall,6,Reading
15,3yvg2d4ugh,Reinhold Hauser,54,Vardo
16,8ufncpnn7l,Electra Holst,6,Akkeshi
17,7fbk4esj6y,Leonie Ibsen,31,Reading
18,zz3s6xuxgk,Ryotaro Ichikawa,60,Arcadia
19,ap85nthk87,Halden Jensen,23,Colmar
20,slhktb7gtj,Samantha Jones,48,Reading
21,76ghmc37tf,Yusaku Kaneko,19,Helluland
22,uh7c4rucdy,Astrid Landvik,18,Shinobi
23,yrxgvr3r8w,Sandrine Leger,53,Hofn
24,fhmcgqffps,Beau Lingutla,4,Colmar
25,lww4rlfnr6,Raphael Lund,29,Reading
26,szp7kastzr,Arthur Martin,41,Arcadia
27,jnwves3xtp,Evan McCarthy,58,Hofn
28,m8pd3xntcr,Gaetan McCarthy,48,Colmar
29,qmsw6r94gc,Theodore McCarthy,29,Arcadia
30,b9gjp4m8fx,King Moore,8,Arcadia
31,h8b6483mg5,Arabelle Morris,35,Takazaki
32,rmdj9agkx8,Marcus Morris,51,Vardo
33,x38rb64jhg,Emile Page,7,Vardo
34,7uvnyeenc4,Roberto Pelletier,2,Kiyobico
35,lf5ptzyem2,Tania Pichon,4,Riroua
36,95zynn88w8,Henri Poulin,18,Colmar
37,e44tq657fp,Edie Price,28,Hayarano
38,bqr3vc6bns,Annette Puri,12,Eden
39,ndvmpfcdax,Pranay Puri,20,Mahuti
40,dtbwf33jv6,Gabrielle Regan,51,Hayarano
41,9b24ge9e9g,Caprice Sato,32,Pauma
42,bwup5svq6m,Evan Sato,44,Hayarano
43,2bxb8fkbwb,Daniel Solberg,13,Vardo
44,5rnyqqf29j,Paul Solberg,21,Blonduos
45,tw2sryvhmh,Sven Solberg,47,Helvig
46,c786xlh9hn,Denis Sorensen,18,Arcadia
47,9lbfmbj3na,Marcel Sorensen,24,Hofn
48,44dpevzwe2,Rene Sorensen,37,Mahuti
49,jqkqnjm2zf,Sonja Sorensen,49,Reading
50,9qmvlhglsc,Calum Stewart,44,Biruwa
51,qd8c7qwk6d,Chaman Sultana,42,Colmar
52,lu7rz67bft,Thevan Varadhan,18,Mahuti
53,sr3tzfwrnd,Kay Walker,56,Arcadia
54,guu7bj67wx,Justine White,48,Colmar
55,2vck83ydsb,Rachel Wilson,14,Vardo
56,25e572gagd,Yuta Wilson,20,Mahuti
57,e7j8ql5zqp,Matthew Yamada,25,Hofn
58,y2nh2ay82n,Susannah Yamada,4,Reading
59,22l6hqr4g4,Rene Zaman,23,Mahuti
